Workbook

Sheet 1. Tổng Hợp
A1: BẢNG CÂN ĐỐI & CHIA TIỀN CHUYẾN ĐI
A4: HƯỚNG DẪN SỬ DỤNG: 1. Nhập tên các thành viên vào cột "Tên Thành Viên" ở bảng dưới đây (tối đa 10 người). 2. Nhập số tiền mỗi người đã đóng trước vào quỹ vào cột "Tiền Đóng Quỹ (1)". 3. Sang sheet "2. Chi Tiết Chi Tiêu" để nhập các khoản chi riêng, người chi, số tiền và tích "x" cho những ai tham gia khoản chi đó. 4. Bảng này sẽ tự động tính toán chi tiết bằng công thức Excel.
A7: DANH SÁCH THÀNH VIÊN & TỔNG HỢP TÀI CHÍNH
A10: STT | B10: Tên Thành Viên | C10: Tiền Đóng Quỹ (1) | D10: Chi Thêm Riêng (2) | E10: Tổng Cộng Đã Chi (3) = (1)+(2) | F10: Tổng Thực Chi (4) | G10: Còn Lại (3) - (4) | H10: Trạng Thái
A11: 1 | B11: An | C11: 500000 | D11: ==SUMIF('2. Chi Tiết Chi Tiêu'!$C$6:$C$100, B11, '2. Chi Tiết Chi Tiêu'!$D$6:$D$100) | E11: ==C11+D11 | F11: ==SUM('2. Chi Tiết Chi Tiêu'!Q$6:Q$100) | G11: ==E11-F11 | H11: ==IF(G11>0, "Nhận lại: " & TEXT(G11, "#,##0 đ"), IF(G11<0, "Đóng thêm: " & TEXT(-G11, "#,##0 đ"), "Đã xong"))
A12: 2 | B12: Bình | C12: 500000 | D12: ==SUMIF('2. Chi Tiết Chi Tiêu'!$C$6:$C$100, B12, '2. Chi Tiết Chi Tiêu'!$D$6:$D$100) | E12: ==C12+D12 | F12: ==SUM('2. Chi Tiết Chi Tiêu'!R$6:R$100) | G12: ==E12-F12 | H12: ==IF(G12>0, "Nhận lại: " & TEXT(G12, "#,##0 đ"), IF(G12<0, "Đóng thêm: " & TEXT(-G12, "#,##0 đ"), "Đã xong"))
A13: 3 | B13: Cường | C13: 500000 | D13: ==SUMIF('2. Chi Tiết Chi Tiêu'!$C$6:$C$100, B13, '2. Chi Tiết Chi Tiêu'!$D$6:$D$100) | E13: ==C13+D13 | F13: ==SUM('2. Chi Tiết Chi Tiêu'!S$6:S$100) | G13: ==E13-F13 | H13: ==IF(G13>0, "Nhận lại: " & TEXT(G13, "#,##0 đ"), IF(G13<0, "Đóng thêm: " & TEXT(-G13, "#,##0 đ"), "Đã xong"))
A14: 4 | B14: Dũng | C14: 500000 | D14: ==SUMIF('2. Chi Tiết Chi Tiêu'!$C$6:$C$100, B14, '2. Chi Tiết Chi Tiêu'!$D$6:$D$100) | E14: ==C14+D14 | F14: ==SUM('2. Chi Tiết Chi Tiêu'!T$6:T$100) | G14: ==E14-F14 | H14: ==IF(G14>0, "Nhận lại: " & TEXT(G14, "#,##0 đ"), IF(G14<0, "Đóng thêm: " & TEXT(-G14, "#,##0 đ"), "Đã xong"))
A15: 5 | B15: Lan | C15: 500000 | D15: ==SUMIF('2. Chi Tiết Chi Tiêu'!$C$6:$C$100, B15, '2. Chi Tiết Chi Tiêu'!$D$6:$D$100) | E15: ==C15+D15 | F15: ==SUM('2. Chi Tiết Chi Tiêu'!U$6:U$100) | G15: ==E15-F15 | H15: ==IF(G15>0, "Nhận lại: " & TEXT(G15, "#,##0 đ"), IF(G15<0, "Đóng thêm: " & TEXT(-G15, "#,##0 đ"), "Đã xong"))
A16: 6 | B16: Hoa | C16: 500000 | D16: ==SUMIF('2. Chi Tiết Chi Tiêu'!$C$6:$C$100, B16, '2. Chi Tiết Chi Tiêu'!$D$6:$D$100) | E16: ==C16+D16 | F16: ==SUM('2. Chi Tiết Chi Tiêu'!V$6:V$100) | G16: ==E16-F16 | H16: ==IF(G16>0, "Nhận lại: " & TEXT(G16, "#,##0 đ"), IF(G16<0, "Đóng thêm: " & TEXT(-G16, "#,##0 đ"), "Đã xong"))
A17: 7 | B17: Thành viên 7 | C17: 0 | D17: ==SUMIF('2. Chi Tiết Chi Tiêu'!$C$6:$C$100, B17, '2. Chi Tiết Chi Tiêu'!$D$6:$D$100) | E17: ==C17+D17 | F17: ==SUM('2. Chi Tiết Chi Tiêu'!W$6:W$100) | G17: ==E17-F17 | H17: ==IF(G17>0, "Nhận lại: " & TEXT(G17, "#,##0 đ"), IF(G17<0, "Đóng thêm: " & TEXT(-G17, "#,##0 đ"), "Đã xong"))
A18: 8 | B18: Thành viên 8 | C18: 0 | D18: ==SUMIF('2. Chi Tiết Chi Tiêu'!$C$6:$C$100, B18, '2. Chi Tiết Chi Tiêu'!$D$6:$D$100) | E18: ==C18+D18 | F18: ==SUM('2. Chi Tiết Chi Tiêu'!X$6:X$100) | G18: ==E18-F18 | H18: ==IF(G18>0, "Nhận lại: " & TEXT(G18, "#,##0 đ"), IF(G18<0, "Đóng thêm: " & TEXT(-G18, "#,##0 đ"), "Đã xong"))
A19: 9 | B19: Thành viên 9 | C19: 0 | D19: ==SUMIF('2. Chi Tiết Chi Tiêu'!$C$6:$C$100, B19, '2. Chi Tiết Chi Tiêu'!$D$6:$D$100) | E19: ==C19+D19 | F19: ==SUM('2. Chi Tiết Chi Tiêu'!Y$6:Y$100) | G19: ==E19-F19 | H19: ==IF(G19>0, "Nhận lại: " & TEXT(G19, "#,##0 đ"), IF(G19<0, "Đóng thêm: " & TEXT(-G19, "#,##0 đ"), "Đã xong"))
A20: 10 | B20: Thành viên 10 | C20: 0 | D20: ==SUMIF('2. Chi Tiết Chi Tiêu'!$C$6:$C$100, B20, '2. Chi Tiết Chi Tiêu'!$D$6:$D$100) | E20: ==C20+D20 | F20: ==SUM('2. Chi Tiết Chi Tiêu'!Z$6:Z$100) | G20: ==E20-F20 | H20: ==IF(G20>0, "Nhận lại: " & TEXT(G20, "#,##0 đ"), IF(G20<0, "Đóng thêm: " & TEXT(-G20, "#,##0 đ"), "Đã xong"))
B21: TỔNG CỘNG | C21: ==SUM(C11:C20) | D21: ==SUM(D11:D20) | E21: ==SUM(E11:E20) | F21: ==SUM(F11:F20) | G21: ==SUM(G11:G20) | H21: ==IF(ROUND(G21, 0)=0, "Khớp 100% (Hoàn thành)", "Lệch: " & TEXT(G21, "#,##0 đ"))

Sheet 2. Chi Tiết Chi Tiêu
A1: DANH SÁCH CHI TIÊU & PHÂN CHIA CHI TIẾT
A4: Mẹo: Ở mỗi hàng, chọn Người Chi ở cột C, nhập Số Tiền ở cột D, rồi nhập chữ "x" (hoặc ký tự bất kỳ) vào cột tên của những người tham gia để chia tiền.
A5: STT | B5: Khoản Chi | C5: Người Chi | D5: Số Tiền Chi | E5: Số Người | F5: Tiền/Người | G5: =='1. Tổng Hợp'!$B$11 | H5: =='1. Tổng Hợp'!$B$12 | I5: =='1. Tổng Hợp'!$B$13 | J5: =='1. Tổng Hợp'!$B$14 | K5: =='1. Tổng Hợp'!$B$15 | L5: =='1. Tổng Hợp'!$B$16 | M5: =='1. Tổng Hợp'!$B$17 | N5: =='1. Tổng Hợp'!$B$18 | O5: =='1. Tổng Hợp'!$B$19 | P5: =='1. Tổng Hợp'!$B$20 | Q5: Helper M1 | R5: Helper M2 | S5: Helper M3 | T5: Helper M4 | U5: Helper M5 | V5: Helper M6 | W5: Helper M7 | X5: Helper M8 | Y5: Helper M9 | Z5: Helper M10
A6: 1 | B6: Thuê xe du lịch di chuyển | C6: An | D6: 3000000 | E6: ==COUNTIF(G6:P6, "x") | F6: ==IF(E6>0, D6/E6, 0) | G6: x | H6: x | I6: x | J6: x | K6: x | L6: x | Q6: ==IF(G6="x", $F6, 0) | R6: ==IF(H6="x", $F6, 0) | S6: ==IF(I6="x", $F6, 0) | T6: ==IF(J6="x", $F6, 0) | U6: ==IF(K6="x", $F6, 0) | V6: ==IF(L6="x", $F6, 0) | W6: ==IF(M6="x", $F6, 0) | X6: ==IF(N6="x", $F6, 0) | ... Z6: ==IF(P6="x", $F6, 0)
A7: 2 | B7: Ăn tối hải sản ngày 1 | C7: Bình | D7: 2400000 | E7: ==COUNTIF(G7:P7, "x") | F7: ==IF(E7>0, D7/E7, 0) | G7: x | H7: x | I7: x | J7: x | K7: x | L7: x | Q7: ==IF(G7="x", $F7, 0) | R7: ==IF(H7="x", $F7, 0) | S7: ==IF(I7="x", $F7, 0) | T7: ==IF(J7="x", $F7, 0) | U7: ==IF(K7="x", $F7, 0) | V7: ==IF(L7="x", $F7, 0) | W7: ==IF(M7="x", $F7, 0) | X7: ==IF(N7="x", $F7, 0) | ... Z7: ==IF(P7="x", $F7, 0)
A8: 3 | B8: Vé cổng khu du lịch | C8: Cường | D8: 1200000 | E8: ==COUNTIF(G8:P8, "x") | F8: ==IF(E8>0, D8/E8, 0) | G8: x | H8: x | I8: x | J8: x | K8: x | L8: x | Q8: ==IF(G8="x", $F8, 0) | R8: ==IF(H8="x", $F8, 0) | S8: ==IF(I8="x", $F8, 0) | T8: ==IF(J8="x", $F8, 0) | U8: ==IF(K8="x", $F8, 0) | V8: ==IF(L8="x", $F8, 0) | W8: ==IF(M8="x", $F8, 0) | X8: ==IF(N8="x", $F8, 0) | ... Z8: ==IF(P8="x", $F8, 0)
A9: 4 | B9: Nước ngọt & trái cây | C9: Lan | D9: 600000 | E9: ==COUNTIF(G9:P9, "x") | F9: ==IF(E9>0, D9/E9, 0) | G9: x | H9: x | I9: x | J9: x | K9: x | L9: x | Q9: ==IF(G9="x", $F9, 0) | R9: ==IF(H9="x", $F9, 0) | S9: ==IF(I9="x", $F9, 0) | T9: ==IF(J9="x", $F9, 0) | U9: ==IF(K9="x", $F9, 0) | V9: ==IF(L9="x", $F9, 0) | W9: ==IF(M9="x", $F9, 0) | X9: ==IF(N9="x", $F9, 0) | ... Z9: ==IF(P9="x", $F9, 0)
A10: 5 | B10: Ăn sáng cafe ngày 2 | C10: Hoa | D10: 900000 | E10: ==COUNTIF(G10:P10, "x") | F10: ==IF(E10>0, D10/E10, 0) | G10: x | H10: x | I10: x | J10: x | K10: x | L10: x | Q10: ==IF(G10="x", $F10, 0) | R10: ==IF(H10="x", $F10, 0) | S10: ==IF(I10="x", $F10, 0) | T10: ==IF(J10="x", $F10, 0) | U10: ==IF(K10="x", $F10, 0) | V10: ==IF(L10="x", $F10, 0) | W10: ==IF(M10="x", $F10, 0) | X10: ==IF(N10="x", $F10, 0) | ... Z10: ==IF(P10="x", $F10, 0)
A11: 6 | B11: Khách sạn (đóng trước) | C11: An | D11: 4800000 | E11: ==COUNTIF(G11:P11, "x") | F11: ==IF(E11>0, D11/E11, 0) | G11: x | H11: x | I11: x | J11: x | K11: x | L11: x | Q11: ==IF(G11="x", $F11, 0) | R11: ==IF(H11="x", $F11, 0) | S11: ==IF(I11="x", $F11, 0) | T11: ==IF(J11="x", $F11, 0) | U11: ==IF(K11="x", $F11, 0) | V11: ==IF(L11="x", $F11, 0) | W11: ==IF(M11="x", $F11, 0) | X11: ==IF(N11="x", $F11, 0) | ... Z11: ==IF(P11="x", $F11, 0)
A12: 7 | E12: ==COUNTIF(G12:P12, "x") | F12: ==IF(E12>0, D12/E12, 0) | Q12: ==IF(G12="x", $F12, 0) | R12: ==IF(H12="x", $F12, 0) | S12: ==IF(I12="x", $F12, 0) | T12: ==IF(J12="x", $F12, 0) | U12: ==IF(K12="x", $F12, 0) | V12: ==IF(L12="x", $F12, 0) | W12: ==IF(M12="x", $F12, 0) | X12: ==IF(N12="x", $F12, 0) | ... Z12: ==IF(P12="x", $F12, 0)
A13: 8 | E13: ==COUNTIF(G13:P13, "x") | F13: ==IF(E13>0, D13/E13, 0) | Q13: ==IF(G13="x", $F13, 0) | R13: ==IF(H13="x", $F13, 0) | S13: ==IF(I13="x", $F13, 0) | T13: ==IF(J13="x", $F13, 0) | U13: ==IF(K13="x", $F13, 0) | V13: ==IF(L13="x", $F13, 0) | W13: ==IF(M13="x", $F13, 0) | X13: ==IF(N13="x", $F13, 0) | ... Z13: ==IF(P13="x", $F13, 0)
A14: 9 | E14: ==COUNTIF(G14:P14, "x") | F14: ==IF(E14>0, D14/E14, 0) | Q14: ==IF(G14="x", $F14, 0) | R14: ==IF(H14="x", $F14, 0) | S14: ==IF(I14="x", $F14, 0) | T14: ==IF(J14="x", $F14, 0) | U14: ==IF(K14="x", $F14, 0) | V14: ==IF(L14="x", $F14, 0) | W14: ==IF(M14="x", $F14, 0) | X14: ==IF(N14="x", $F14, 0) | ... Z14: ==IF(P14="x", $F14, 0)
A15: 10 | E15: ==COUNTIF(G15:P15, "x") | F15: ==IF(E15>0, D15/E15, 0) | Q15: ==IF(G15="x", $F15, 0) | R15: ==IF(H15="x", $F15, 0) | S15: ==IF(I15="x", $F15, 0) | T15: ==IF(J15="x", $F15, 0) | U15: ==IF(K15="x", $F15, 0) | V15: ==IF(L15="x", $F15, 0) | W15: ==IF(M15="x", $F15, 0) | X15: ==IF(N15="x", $F15, 0) | ... Z15: ==IF(P15="x", $F15, 0)
A16: 11 | E16: ==COUNTIF(G16:P16, "x") | F16: ==IF(E16>0, D16/E16, 0) | Q16: ==IF(G16="x", $F16, 0) | R16: ==IF(H16="x", $F16, 0) | S16: ==IF(I16="x", $F16, 0) | T16: ==IF(J16="x", $F16, 0) | U16: ==IF(K16="x", $F16, 0) | V16: ==IF(L16="x", $F16, 0) | W16: ==IF(M16="x", $F16, 0) | X16: ==IF(N16="x", $F16, 0) | ... Z16: ==IF(P16="x", $F16, 0)
A17: 12 | E17: ==COUNTIF(G17:P17, "x") | F17: ==IF(E17>0, D17/E17, 0) | Q17: ==IF(G17="x", $F17, 0) | R17: ==IF(H17="x", $F17, 0) | S17: ==IF(I17="x", $F17, 0) | T17: ==IF(J17="x", $F17, 0) | U17: ==IF(K17="x", $F17, 0) | V17: ==IF(L17="x", $F17, 0) | W17: ==IF(M17="x", $F17, 0) | X17: ==IF(N17="x", $F17, 0) | ... Z17: ==IF(P17="x", $F17, 0)
A18: 13 | E18: ==COUNTIF(G18:P18, "x") | F18: ==IF(E18>0, D18/E18, 0) | Q18: ==IF(G18="x", $F18, 0) | R18: ==IF(H18="x", $F18, 0) | S18: ==IF(I18="x", $F18, 0) | T18: ==IF(J18="x", $F18, 0) | U18: ==IF(K18="x", $F18, 0) | V18: ==IF(L18="x", $F18, 0) | W18: ==IF(M18="x", $F18, 0) | X18: ==IF(N18="x", $F18, 0) | ... Z18: ==IF(P18="x", $F18, 0)
A19: 14 | E19: ==COUNTIF(G19:P19, "x") | F19: ==IF(E19>0, D19/E19, 0) | Q19: ==IF(G19="x", $F19, 0) | R19: ==IF(H19="x", $F19, 0) | S19: ==IF(I19="x", $F19, 0) | T19: ==IF(J19="x", $F19, 0) | U19: ==IF(K19="x", $F19, 0) | V19: ==IF(L19="x", $F19, 0) | W19: ==IF(M19="x", $F19, 0) | X19: ==IF(N19="x", $F19, 0) | ... Z19: ==IF(P19="x", $F19, 0)
A20: 15 | E20: ==COUNTIF(G20:P20, "x") | F20: ==IF(E20>0, D20/E20, 0) | Q20: ==IF(G20="x", $F20, 0) | R20: ==IF(H20="x", $F20, 0) | S20: ==IF(I20="x", $F20, 0) | T20: ==IF(J20="x", $F20, 0) | U20: ==IF(K20="x", $F20, 0) | V20: ==IF(L20="x", $F20, 0) | W20: ==IF(M20="x", $F20, 0) | X20: ==IF(N20="x", $F20, 0) | ... Z20: ==IF(P20="x", $F20, 0)
A21: 16 | E21: ==COUNTIF(G21:P21, "x") | F21: ==IF(E21>0, D21/E21, 0) | Q21: ==IF(G21="x", $F21, 0) | R21: ==IF(H21="x", $F21, 0) | S21: ==IF(I21="x", $F21, 0) | T21: ==IF(J21="x", $F21, 0) | U21: ==IF(K21="x", $F21, 0) | V21: ==IF(L21="x", $F21, 0) | W21: ==IF(M21="x", $F21, 0) | X21: ==IF(N21="x", $F21, 0) | ... Z21: ==IF(P21="x", $F21, 0)
A22: 17 | E22: ==COUNTIF(G22:P22, "x") | F22: ==IF(E22>0, D22/E22, 0) | Q22: ==IF(G22="x", $F22, 0) | R22: ==IF(H22="x", $F22, 0) | S22: ==IF(I22="x", $F22, 0) | T22: ==IF(J22="x", $F22, 0) | U22: ==IF(K22="x", $F22, 0) | V22: ==IF(L22="x", $F22, 0) | W22: ==IF(M22="x", $F22, 0) | X22: ==IF(N22="x", $F22, 0) | ... Z22: ==IF(P22="x", $F22, 0)
A23: 18 | E23: ==COUNTIF(G23:P23, "x") | F23: ==IF(E23>0, D23/E23, 0) | Q23: ==IF(G23="x", $F23, 0) | R23: ==IF(H23="x", $F23, 0) | S23: ==IF(I23="x", $F23, 0) | T23: ==IF(J23="x", $F23, 0) | U23: ==IF(K23="x", $F23, 0) | V23: ==IF(L23="x", $F23, 0) | W23: ==IF(M23="x", $F23, 0) | X23: ==IF(N23="x", $F23, 0) | ... Z23: ==IF(P23="x", $F23, 0)
... A100: 95 | E100: ==COUNTIF(G100:P100, "x") | F100: ==IF(E100>0, D100/E100, 0) | Q100: ==IF(G100="x", $F100, 0) | R100: ==IF(H100="x", $F100, 0) | S100: ==IF(I100="x", $F100, 0) | T100: ==IF(J100="x", $F100, 0) | U100: ==IF(K100="x", $F100, 0) | V100: ==IF(L100="x", $F100, 0) | W100: ==IF(M100="x", $F100, 0) | X100: ==IF(N100="x", $F100, 0) | ... Z100: ==IF(P100="x", $F100, 0)
B101: TỔNG CỘNG | D101: ==SUM(D6:D100) | Q101: ==SUM(Q6:Q100) | R101: ==SUM(R6:R100) | S101: ==SUM(S6:S100) | T101: ==SUM(T6:T100) | U101: ==SUM(U6:U100) | V101: ==SUM(V6:V100) | W101: ==SUM(W6:W100) | X101: ==SUM(X6:X100) | ... Z101: ==SUM(Z6:Z100)
